{
  "cameras": {
    "DSC_0318": {
      "R": [
        [
          -0.9847937600801867,
          -0.02511613793036816,
          0.17190238428419355
        ],
        [
          -0.12042907068245956,
          0.8118613430817876,
          -0.5712950188335224
        ],
        [
          -0.12521217609197197,
          -0.58330981409959,
          -0.802540697867351
        ]
      ],
      "t": [
        2.417221974529493,
        -3.437327787416858,
        1493.8359010403956
      ],
      "K": [
        [
          24568.148632996475,
          0.0,
          3208.5188969119163
        ],
        [
          0.0,
          24612.198848859585,
          2146.273870075626
        ],
        [
          0.0,
          0.0,
          1.0
        ]
      ]
    },
    "DSC_0315": {
      "R": [
        [
          -0.4897389337841498,
          0.46317316366188344,
          0.7386652808948084
        ],
        [
          -0.5114490206970111,
          0.5335179614744987,
          -0.673630821750433
        ],
        [
          -0.7060989137252884,
          -0.7076928749447302,
          -0.02439505663920738
        ]
      ],
      "t": [
        0.1449369619689114,
        -0.1003604659699982,
        9.373340199576342
      ],
      "K": [
        [
          24568.148632996475,
          0.0,
          3208.5188969119163
        ],
        [
          0.0,
          24612.198848859585,
          2146.273870075626
        ],
        [
          0.0,
          0.0,
          1.0
        ]
      ]
    },
    "DSC_0319": {
      "R": [
        [
          -0.7913277714859869,
          0.25161438518317825,
          0.5572167973454434
        ],
        [
          -0.2839562958568479,
          0.6558774009545374,
          -0.6994238035414435
        ],
        [
          -0.5414509951217008,
          -0.7116986975441313,
          -0.4475665132644615
        ]
      ],
      "t": [
        4.904323944338171,
        -2.4561650399116077,
        793.0888236217914
      ],
      "K": [
        [
          24568.148632996475,
          0.0,
          3208.5188969119163
        ],
        [
          0.0,
          24612.198848859585,
          2146.273870075626
        ],
        [
          0.0,
          0.0,
          1.0
        ]
      ]
    }
  },
  "points_3d": {
    "1000": {
      "xyz": [
        -4.399999999496036,
        4.399999996272641,
        -3.550803844914604e-10
      ],
      "observations": {
        "DSC_0318": [
          3317.98876953125,
          2156.993408203125
        ],
        "DSC_0315": [
          3574.882080078125,
          2119.9423828125
        ]
      },
      "error": 8086.396734122571,
      "n_views": 2
    },
    "1001": {
      "xyz": [
        4.399999999999966,
        4.399999999998448,
        2.5386637142156465e-11
      ],
      "observations": {
        "DSC_0318": [
          3174.998779296875,
          2139.999267578125
        ],
        "DSC_0315": [
          3427.962158203125,
          2120.97998046875
        ],
        "DSC_0319": [
          3288.996337890625,
          2121.997314453125
        ]
      },
      "error": 1.0740931940277314,
      "n_views": 3
    },
    "1002": {
      "xyz": [
        4.399999997491373,
        -4.399999999240895,
        1.7317371825112197e-10
      ],
      "observations": {
        "DSC_0318": [
          3178.991943359375,
          2021.9765625
        ],
        "DSC_0315": [
          3437.97998046875,
          1968.9583740234375
        ]
      },
      "error": 8138.567457297158,
      "n_views": 2
    },
    "1003": {
      "xyz": [
        -4.40000000001956,
        -4.3999999999527795,
        -3.4811444970057042e-09
      ],
      "observations": {
        "DSC_0318": [
          3320.996826171875,
          2039.9854736328125
        ],
        "DSC_0315": [
          3588.913330078125,
          1967.935302734375
        ],
        "DSC_0319": [
          3429.97705078125,
          2018.972412109375
        ]
      },
      "error": 46.715099097907974,
      "n_views": 3
    },
    "1020": {
      "xyz": [
        -23.735002517715753,
        -14.853324890176344,
        -5.840159416010036
      ],
      "observations": {
        "DSC_0315": [
          3855.611083984375,
          2058.836181640625
        ],
        "DSC_0318": [
          3599.858154296875,
          2134.9306640625
        ],
        "DSC_0319": [
          3708.76953125,
          2105.89453125
        ]
      },
      "error": 1873.6714433736554,
      "n_views": 3
    },
    "1021": {
      "xyz": [
        -14.735987663295806,
        -9.12793254905583,
        -4.523997782970557
      ],
      "observations": {
        "DSC_0315": [
          3719.77197265625,
          2072.896728515625
        ],
        "DSC_0318": [
          3453.947998046875,
          2136.972900390625
        ],
        "DSC_0319": [
          3564.8916015625,
          2111.94677734375
        ]
      },
      "error": 1821.4247695992465,
      "n_views": 3
    },
    "1022": {
      "xyz": [
        -12.207454681181202,
        -9.986939430585203,
        -0.6743646264187428
      ],
      "observations": {
        "DSC_0315": [
          3723.8203125,
          1921.8924560546875
        ],
        "DSC_0318": [
          3456.96875,
          2015.96826171875
        ],
        "DSC_0319": [
          3563.92333984375,
          1990.9449462890625
        ]
      },
      "error": 524.1733858289502,
      "n_views": 3
    },
    "1023": {
      "xyz": [
        -21.128580092218783,
        -15.675270080856915,
        -2.0367906093776704
      ],
      "observations": {
        "DSC_0315": [
          3858.67431640625,
          1907.8463134765625
        ],
        "DSC_0318": [
          3602.892822265625,
          2015.9388427734375
        ],
        "DSC_0319": [
          3707.815673828125,
          1986.9058837890625
        ]
      },
      "error": 982.5490398874425,
      "n_views": 3
    },
    "1024": {
      "xyz": [
        -18.130507292371007,
        -30.384965731834342,
        -9.882827647796544
      ],
      "observations": {
        "DSC_0315": [
          3323.99755859375,
          1931.947021484375
        ],
        "DSC_0318": [
          3172.977294921875,
          1912.923095703125
        ]
      },
      "error": 3691.991084832365,
      "n_views": 2
    },
    "1030": {
      "xyz": [
        -33.39335974854597,
        -21.19851845487028,
        -3.938354114048232
      ],
      "observations": {
        "DSC_0318": [
          3779.72802734375,
          2018.8787841796875
        ],
        "DSC_0319": [
          3885.603759765625,
          1986.834716796875
        ]
      },
      "error": 76.68700207930394,
      "n_views": 2
    },
    "1031": {
      "xyz": [
        -25.046639678180203,
        -16.96993791452026,
        -4.485923812446716
      ],
      "observations": {
        "DSC_0318": [
          3640.86279296875,
          2021.928466796875
        ],
        "DSC_0319": [
          3746.7744140625,
          1993.892578125
        ]
      },
      "error": 58.81239032514516,
      "n_views": 2
    },
    "1032": {
      "xyz": [
        -23.87587966087651,
        -22.02167566333859,
        -1.5973997468275338
      ],
      "observations": {
        "DSC_0318": [
          3652.884033203125,
          1901.904541015625
        ],
        "DSC_0319": [
          3754.80322265625,
          1875.8729248046875
        ]
      },
      "error": 36.24383734440967,
      "n_views": 2
    },
    "1033": {
      "xyz": [
        -36.686751041504074,
        -27.874857575067868,
        -1.494466243473283
      ],
      "observations": {
        "DSC_0318": [
          3794.753173828125,
          1903.8677978515625
        ],
        "DSC_0319": [
          3895.63720703125,
          1872.8282470703125
        ]
      },
      "error": 93.77124444599285,
      "n_views": 2
    },