{
  "cameras": {
    "DSC_0318": {
      "R": [
        [
          0.9978575818073574,
          0.03535484825875036,
          0.05504798937448841
        ],
        [
          -0.03760213193377121,
          0.9984783066804499,
          0.04033795684682877
        ],
        [
          -0.053538080873414905,
          -0.04232145783337447,
          0.9976685662599827
        ]
      ],
      "t": [
        0.0832844533956897,
        0.05256116913348929,
        0.7291456052626494
      ],
      "K": [
        [
          24568.148632996475,
          0.0,
          3208.5188969119163
        ],
        [
          0.0,
          24612.198848859585,
          2146.273870075626
        ],
        [
          0.0,
          0.0,
          1.0
        ]
      ]
    },
    "DSC_0319": {
      "R": [
        [
          0.9814449621465928,
          0.018713488620915666,
          0.19082869705761712
        ],
        [
          0.11525848984365981,
          0.7377771190676423,
          -0.6651318689547276
        ],
        [
          -0.15323598401169325,
          0.6747849493904594,
          0.7219307482578112
        ]
      ],
      "t": [
        -0.08397408244839526,
        0.9417335696987686,
        1.175311538713693
      ],
      "K": [
        [
          24568.148632996475,
          0.0,
          3208.5188969119163
        ],
        [
          0.0,
          24612.198848859585,
          2146.273870075626
        ],
        [
          0.0,
          0.0,
          1.0
        ]
      ]
    },
    "DSC_0310": {
      "R": [
        [
          0.9994893446301873,
          0.0318896454582034,
          0.002024965004289724
        ],
        [
          -0.031088669018103973,
          0.9851188864926184,
          -0.16903926802440428
        ],
        [
          -0.007385433596024883,
          0.16888999374768682,
          0.9856072368760819
        ]
      ],
      "t": [
        0.16701608640156967,
        0.32218407254093895,
        -1.2495018232037565
      ],
      "K": [
        [
          24568.148632996475,
          0.0,
          3208.5188969119163
        ],
        [
          0.0,
          24612.198848859585,
          2146.273870075626
        ],
        [
          0.0,
          0.0,
          1.0
        ]
      ]
    },
    "DSC_0311": {
      "R": [
        [
          0.9942281432579407,
          0.05006438210532579,
          0.09488918167146096
        ],
        [
          -0.033106166954961845,
          0.9844486754136583,
          -0.17252474369157517
        ],
        [
          -0.10205087389835416,
          0.16838753849589183,
          0.9804240184817367
        ]
      ],
      "t": [
        0.048781023524801174,
        0.326255529491679,
        -1.2586220787643996
      ],
      "K": [
        [
          24568.148632996475,
          0.0,
          3208.5188969119163
        ],
        [
          0.0,
          24612.198848859585,
          2146.273870075626
        ],
        [
          0.0,
          0.0,
          1.0
        ]
      ]
    },
    "DSC_0312": {
      "R": [
        [
          0.9997481422341409,
          0.017773511873910398,
          0.01370234925302903
        ],
        [
          -0.014783331545459815,
          0.9809360766492569,
          -0.19376755826603226
        ],
        [
          -0.016885058714764124,
          0.19351619002975218,
          0.9809517719993006
        ]
      ],
      "t": [
        0.1504711670940802,
        0.3562190627027139,
        -1.2423444320155494
      ],
      "K": [
        [
          24568.148632996475,
          0.0,
          3208.5188969119163
        ],
        [
          0.0,
          24612.198848859585,
          2146.273870075626
        ],
        [
          0.0,
          0.0,
          1.0
        ]
      ]
    }
  },
  "points_3d": {
    "1000": {
      "xyz": [
        -0.16614504158496857,
        -0.1116792485117955,
        1.2856916189193732
      ],
      "observations": {
        "DSC_0318": [
          3317.98876953125,
          2156.993408203125
        ],
        "DSC_0319": [
          3430.9580078125,
          2135.97802734375
        ],
        "DSC_0310": [
          2218.371337890625,
          1945.44775390625
        ],
        "DSC_0311": [
          4186.9541015625,
          2070.607177734375
        ],
        "DSC_0312": [
          3224.996337890625,
          2002.973388671875
        ]
      },
      "error": 125.1636404374809,
      "n_views": 5
    },
    "1001": {
      "xyz": [
        -0.15067286685027423,
        -0.10989176167431022,
        1.270828224009091
      ],
      "observations": {
        "DSC_0318": [
          3174.998779296875,
          2139.999267578125
        ],
        "DSC_0319": [
          3288.996337890625,
          2121.997314453125
        ]
      },
      "error": 22.339990938856374,
      "n_views": 2
    },
    "1002": {
      "xyz": [
        -0.16614518290688685,
        -0.11167979302185894,
        1.2856901970823447
      ],
      "observations": {
        "DSC_0318": [
          3178.991943359375,
          2021.9765625
        ],
        "DSC_0319": [
          3288.999267578125,
          2004.976318359375
        ],
        "DSC_0310": [
          2075.119140625,
          1796.1826171875
        ],
        "DSC_0311": [
          4045.368896484375,
          1920.76171875
        ]
      },
      "error": 95.50322591516218,
      "n_views": 4
    },
    "1003": {
      "xyz": [
        -0.16614504158496857,
        -0.11167950183153154,
        1.2856918573379517
      ],
      "observations": {
        "DSC_0318": [
          3320.996826171875,
          2039.9854736328125
        ],
        "DSC_0319": [
          3429.97705078125,
          2018.972412109375
        ],
        "DSC_0310": [
          2217.24658203125,
          1806.326171875
        ],
        "DSC_0311": [
          4187.05712890625,
          1930.6751708984375
        ],
        "DSC_0312": [
          3224.982177734375,
          1863.8984375
        ]
      },
      "error": 119.25054154813381,
      "n_views": 5
    },
    "1010": {
      "xyz": [
        -0.1560435214574872,
        -0.11664695409454738,
        1.2764765556505775
      ],
      "observations": {
        "DSC_0318": [
          3146.986328125,
          2023.9739990234375
        ],
        "DSC_0319": [
          3257.9990234375,
          2009.9774169921875
        ]
      },
      "error": 23.49733215535643,
      "n_views": 2
    },
    "1011": {
      "xyz": [
        -0.1665078045162838,
        -0.11697927042454354,
        1.2787384594667974
      ],
      "observations": {
        "DSC_0318": [
          3024.94189453125,
          1984.93505859375
        ],
        "DSC_0319": [
          3136.977294921875,
          1973.9512939453125
        ]
      },
      "error": 45.06407485326033,
      "n_views": 2
    },
    "1012": {
      "xyz": [
        -0.16685896107748177,
        -0.12353805720358628,
        1.285948215110493
      ],
      "observations": {
        "DSC_0318": [
          3039.9189453125,
          1868.86376953125
        ],
        "DSC_0319": [
          3147.96044921875,
          1858.8817138671875
        ]
      },
      "error": 66.74469234595345,
      "n_views": 2
    },
    "1013": {
      "xyz": [
        -0.15456791994055585,
        -0.12090652942580399,
        1.2859474813430263
      ],
      "observations": {
        "DSC_0318": [
          3172.977294921875,
          1912.923095703125
        ],
        "DSC_0319": [
          3280.994384765625,
          1897.926513671875
        ]
      },
      "error": 62.3589504215133,
      "n_views": 2
    },
    "1020": {
      "xyz": [
        -0.166144460439682,
        -0.11167929321527481,
        1.285691738128662
      ],
      "observations": {
        "DSC_0318": [
          3599.858154296875,
          2134.9306640625
        ],